Hours,A1,A2,A3,A4,A5,A6,A7,A8,A9,A10,A11,A12,B1,B2,B3,B4,B5,B6,B7,B8,B9,B10,B11,B12,C1,C2,C3,C4,C5,C6,C7,C8,C9,C10,C11,C12,D1,D2,D3,D4,D5,D6,D7,D8,D9,D10,D11,D12,E1,E2,E3,E4,E5,E6,E7,E8,E9,E10,E11,E12,F1,F2,F3,F4,F5,F6,F7,F8,F9,F10,F11,F12,G1,G2,G3,G4,G5,G6,G7,G8,G9,G10,G11,G12,H1,H2,H3,H4,H5,H6,H7,H8,H9,H10,H11,H12
0.50,0.106,0.103,0.103,0.105,0.105,0.11,0.1,0.113,0.103,0.11,0.109,0.105,0.101,0.1,0.103,0.101,0.1,0.106,0.1,0.104,0.104,0.111,0.105,0.105,0.105,0.11,0.1,0.099,0.098,0.112,0.103,0.105,0.106,0.112,0.107,0.106,0.1,0.106,0.104,0.11,0.111,0.111,0.086,0.107,0.107,0.106,0.104,0.103,0.103,0.103,0.103,0.114,0.112,0.11,0.105,0.109,0.097,0.117,0.099,0.096,0.087,0.089,0.088,0.088,0.104,0.089,0.107,0.102,0.1,0.109,0.102,0.101,0.103,0.1,0.104,0.106,0.104,0.112,0.11,0.109,0.105,0.115,0.11,0.114,0.107,0.105,0.111,0.104,0.105,0.106,0.103,0.088,0.085,0.088,0.087,0.086
1.00,0.107,0.104,0.104,0.106,0.106,0.11,0.103,0.113,0.105,0.111,0.11,0.107,0.102,0.101,0.103,0.103,0.104,0.109,0.102,0.106,0.104,0.113,0.107,0.106,0.106,0.111,0.101,0.1,0.098,0.113,0.104,0.107,0.104,0.113,0.11,0.108,0.101,0.107,0.106,0.108,0.114,0.112,0.087,0.108,0.104,0.107,0.107,0.105,0.104,0.104,0.105,0.115,0.112,0.112,0.106,0.111,0.097,0.117,0.1,0.097,0.088,0.089,0.088,0.089,0.106,0.09,0.108,0.105,0.102,0.111,0.105,0.104,0.104,0.102,0.106,0.107,0.104,0.112,0.11,0.111,0.105,0.117,0.11,0.116,0.109,0.105,0.109,0.106,0.105,0.107,0.109,0.089,0.086,0.089,0.088,0.086
1.50,0.109,0.105,0.105,0.107,0.108,0.111,0.104,0.114,0.106,0.112,0.112,0.11,0.103,0.102,0.104,0.104,0.111,0.109,0.104,0.107,0.105,0.115,0.108,0.108,0.106,0.111,0.1,0.1,0.099,0.114,0.108,0.107,0.105,0.114,0.111,0.111,0.102,0.109,0.109,0.11,0.115,0.114,0.087,0.109,0.106,0.107,0.109,0.106,0.105,0.105,0.108,0.115,0.113,0.113,0.109,0.111,0.098,0.118,0.101,0.098,0.089,0.09,0.088,0.089,0.108,0.091,0.109,0.106,0.106,0.114,0.109,0.106,0.107,0.103,0.106,0.108,0.105,0.113,0.111,0.112,0.112,0.118,0.112,0.119,0.111,0.107,0.109,0.109,0.106,0.109,0.109,0.089,0.087,0.09,0.091,0.087
2.00,0.109,0.107,0.106,0.108,0.109,0.113,0.106,0.116,0.106,0.114,0.116,0.112,0.104,0.103,0.105,0.107,0.117,0.11,0.106,0.108,0.105,0.117,0.11,0.109,0.106,0.111,0.1,0.1,0.099,0.115,0.111,0.108,0.106,0.114,0.113,0.113,0.102,0.11,0.109,0.112,0.117,0.116,0.087,0.11,0.107,0.108,0.11,0.107,0.106,0.107,0.108,0.116,0.114,0.114,0.111,0.111,0.098,0.119,0.102,0.098,0.09,0.09,0.089,0.089,0.11,0.091,0.109,0.111,0.105,0.117,0.112,0.112,0.108,0.104,0.107,0.108,0.107,0.114,0.112,0.113,0.114,0.119,0.114,0.123,0.114,0.109,0.11,0.112,0.108,0.115,0.111,0.09,0.088,0.091,0.093,0.088
2.50,0.111,0.107,0.106,0.109,0.111,0.115,0.106,0.117,0.107,0.116,0.119,0.115,0.106,0.105,0.106,0.109,0.115,0.112,0.107,0.11,0.105,0.121,0.111,0.111,0.107,0.112,0.1,0.101,0.1,0.117,0.113,0.109,0.106,0.116,0.114,0.116,0.103,0.112,0.109,0.115,0.119,0.118,0.088,0.111,0.108,0.11,0.111,0.108,0.107,0.107,0.108,0.117,0.116,0.116,0.115,0.112,0.099,0.12,0.102,0.099,0.091,0.091,0.089,0.09,0.114,0.092,0.111,0.116,0.111,0.121,0.114,0.117,0.109,0.104,0.108,0.109,0.107,0.115,0.113,0.115,0.116,0.121,0.117,0.127,0.116,0.112,0.111,0.116,0.109,0.117,0.112,0.09,0.089,0.091,0.095,0.089
3.00,0.113,0.108,0.107,0.11,0.112,0.117,0.108,0.119,0.109,0.118,0.122,0.117,0.107,0.107,0.106,0.114,0.126,0.113,0.11,0.111,0.105,0.124,0.113,0.113,0.107,0.113,0.1,0.101,0.1,0.119,0.117,0.11,0.107,0.118,0.116,0.118,0.104,0.114,0.11,0.118,0.121,0.12,0.088,0.112,0.108,0.111,0.112,0.109,0.108,0.108,0.11,0.119,0.117,0.117,0.119,0.113,0.099,0.12,0.102,0.099,0.092,0.092,0.089,0.09,0.119,0.092,0.112,0.119,0.11,0.126,0.118,0.12,0.111,0.105,0.108,0.111,0.108,0.116,0.114,0.117,0.118,0.124,0.12,0.131,0.118,0.115,0.112,0.119,0.11,0.119,0.113,0.09,0.09,0.092,0.095,0.09
3.50,0.114,0.108,0.107,0.111,0.113,0.119,0.11,0.121,0.11,0.12,0.125,0.12,0.11,0.111,0.107,0.124,0.127,0.114,0.114,0.112,0.105,0.127,0.114,0.115,0.108,0.114,0.101,0.102,0.1,0.121,0.122,0.11,0.107,0.121,0.117,0.12,0.105,0.116,0.11,0.119,0.123,0.122,0.088,0.113,0.109,0.112,0.113,0.109,0.109,0.109,0.111,0.121,0.118,0.118,0.125,0.113,0.099,0.121,0.102,0.099,0.093,0.092,0.089,0.09,0.123,0.093,0.115,0.12,0.116,0.132,0.124,0.125,0.113,0.106,0.109,0.113,0.11,0.118,0.115,0.118,0.121,0.127,0.123,0.135,0.121,0.117,0.113,0.123,0.111,0.119,0.114,0.091,0.091,0.093,0.096,0.091
4.00,0.114,0.109,0.107,0.112,0.115,0.121,0.111,0.123,0.11,0.121,0.128,0.122,0.113,0.115,0.108,0.132,0.133,0.116,0.118,0.114,0.104,0.13,0.116,0.116,0.109,0.114,0.101,0.102,0.101,0.123,0.127,0.11,0.107,0.124,0.119,0.123,0.105,0.117,0.111,0.122,0.126,0.124,0.088,0.115,0.11,0.112,0.114,0.111,0.11,0.111,0.113,0.122,0.119,0.119,0.136,0.114,0.099,0.122,0.103,0.099,0.093,0.093,0.09,0.09,0.129,0.093,0.117,0.128,0.112,0.14,0.128,0.13,0.114,0.107,0.109,0.116,0.111,0.119,0.117,0.12,0.124,0.129,0.125,0.138,0.123,0.12,0.113,0.126,0.113,0.122,0.117,0.091,0.092,0.093,0.096,0.092
4.50,0.115,0.11,0.107,0.114,0.116,0.123,0.114,0.124,0.111,0.122,0.131,0.124,0.117,0.122,0.11,0.144,0.14,0.116,0.123,0.115,0.104,0.133,0.117,0.118,0.109,0.114,0.101,0.103,0.101,0.125,0.136,0.111,0.107,0.126,0.12,0.127,0.106,0.119,0.11,0.125,0.128,0.126,0.088,0.117,0.111,0.113,0.115,0.112,0.112,0.112,0.114,0.124,0.12,0.121,0.146,0.115,0.099,0.123,0.103,0.1,0.093,0.093,0.09,0.09,0.139,0.094,0.119,0.133,0.123,0.151,0.134,0.149,0.116,0.107,0.11,0.117,0.113,0.12,0.118,0.122,0.127,0.132,0.128,0.143,0.126,0.122,0.114,0.13,0.114,0.126,0.12,0.091,0.092,0.093,0.096,0.093
5.00,0.116,0.11,0.108,0.115,0.117,0.124,0.117,0.126,0.113,0.126,0.134,0.127,0.121,0.132,0.111,0.155,0.147,0.117,0.129,0.116,0.107,0.136,0.118,0.12,0.11,0.116,0.101,0.104,0.102,0.127,0.149,0.111,0.107,0.13,0.122,0.132,0.107,0.121,0.11,0.128,0.131,0.128,0.088,0.12,0.112,0.114,0.117,0.113,0.113,0.113,0.116,0.126,0.121,0.122,0.161,0.116,0.1,0.124,0.103,0.101,0.094,0.093,0.09,0.09,0.152,0.094,0.122,0.144,0.128,0.164,0.147,0.164,0.118,0.108,0.112,0.12,0.114,0.122,0.12,0.124,0.131,0.134,0.131,0.153,0.128,0.125,0.115,0.134,0.114,0.13,0.122,0.092,0.093,0.094,0.096,0.093
5.50,0.117,0.112,0.108,0.117,0.119,0.125,0.12,0.127,0.115,0.126,0.137,0.13,0.128,0.151,0.114,0.174,0.16,0.118,0.139,0.117,0.105,0.139,0.12,0.123,0.11,0.117,0.101,0.105,0.103,0.129,0.163,0.112,0.107,0.133,0.125,0.131,0.108,0.123,0.11,0.13,0.133,0.129,0.088,0.122,0.113,0.115,0.118,0.114,0.116,0.115,0.117,0.128,0.122,0.128,0.182,0.117,0.1,0.125,0.104,0.101,0.094,0.093,0.09,0.091,0.167,0.094,0.126,0.163,0.131,0.182,0.154,0.184,0.12,0.108,0.113,0.123,0.116,0.124,0.122,0.126,0.134,0.137,0.133,0.157,0.13,0.127,0.115,0.138,0.115,0.13,0.124,0.092,0.093,0.094,0.097,0.093
6.00,0.118,0.112,0.109,0.118,0.121,0.128,0.124,0.129,0.115,0.129,0.14,0.132,0.136,0.163,0.117,0.185,0.18,0.119,0.152,0.118,0.105,0.142,0.121,0.126,0.111,0.117,0.102,0.105,0.103,0.13,0.184,0.112,0.108,0.138,0.126,0.136,0.108,0.124,0.112,0.133,0.135,0.131,0.089,0.125,0.114,0.116,0.119,0.115,0.117,0.117,0.119,0.131,0.124,0.16,0.202,0.117,0.1,0.127,0.104,0.101,0.094,0.093,0.09,0.091,0.191,0.094,0.129,0.175,0.134,0.209,0.165,0.203,0.121,0.109,0.113,0.126,0.117,0.127,0.124,0.127,0.137,0.139,0.136,0.161,0.133,0.129,0.117,0.143,0.117,0.132,0.126,0.092,0.094,0.094,0.097,0.094
6.50,0.119,0.113,0.109,0.118,0.121,0.13,0.133,0.131,0.116,0.132,0.143,0.135,0.147,0.178,0.121,0.212,0.188,0.12,0.166,0.12,0.105,0.146,0.123,0.129,0.112,0.118,0.102,0.106,0.104,0.132,0.206,0.113,0.108,0.141,0.128,0.14,0.109,0.126,0.112,0.137,0.138,0.133,0.09,0.127,0.115,0.117,0.122,0.116,0.118,0.118,0.12,0.133,0.126,0.163,0.23,0.118,0.101,0.128,0.105,0.102,0.094,0.094,0.09,0.091,0.203,0.094,0.133,0.199,0.135,0.227,0.175,0.22,0.134,0.111,0.114,0.128,0.119,0.129,0.127,0.13,0.14,0.142,0.138,0.158,0.135,0.133,0.118,0.147,0.118,0.137,0.129,0.092,0.094,0.094,0.097,0.095
7.00,0.12,0.114,0.11,0.12,0.123,0.132,0.136,0.133,0.116,0.138,0.147,0.138,0.163,0.192,0.129,0.235,0.212,0.12,0.181,0.121,0.106,0.149,0.124,0.132,0.112,0.12,0.102,0.106,0.104,0.135,0.227,0.114,0.108,0.144,0.13,0.144,0.11,0.128,0.112,0.14,0.139,0.134,0.089,0.13,0.117,0.118,0.123,0.118,0.12,0.12,0.121,0.136,0.129,0.165,0.246,0.119,0.101,0.13,0.106,0.103,0.094,0.094,0.09,0.091,0.214,0.096,0.137,0.216,0.139,0.242,0.2,0.241,0.136,0.11,0.117,0.13,0.121,0.133,0.131,0.133,0.144,0.18,0.141,0.166,0.137,0.135,0.118,0.153,0.119,0.141,0.131,0.092,0.094,0.094,0.097,0.095
7.50,0.121,0.114,0.111,0.123,0.127,0.134,0.143,0.136,0.118,0.146,0.151,0.175,0.181,0.213,0.13,0.277,0.242,0.121,0.199,0.122,0.106,0.153,0.127,0.137,0.114,0.121,0.102,0.108,0.105,0.137,0.239,0.115,0.108,0.149,0.133,0.144,0.111,0.13,0.113,0.143,0.142,0.136,0.089,0.133,0.118,0.119,0.125,0.119,0.123,0.122,0.122,0.139,0.132,0.169,0.248,0.121,0.101,0.131,0.106,0.103,0.094,0.094,0.09,0.091,0.239,0.096,0.14,0.231,0.146,0.25,0.22,0.269,0.138,0.113,0.132,0.133,0.123,0.137,0.134,0.135,0.147,0.183,0.144,0.167,0.14,0.137,0.125,0.159,0.12,0.141,0.133,0.092,0.095,0.094,0.097,0.095
8.00,0.122,0.115,0.112,0.124,0.128,0.136,0.152,0.138,0.118,0.152,0.157,0.179,0.201,0.242,0.141,0.282,0.258,0.123,0.217,0.122,0.107,0.157,0.128,0.141,0.13,0.122,0.103,0.108,0.106,0.139,0.253,0.116,0.108,0.153,0.134,0.147,0.112,0.132,0.114,0.147,0.145,0.138,0.089,0.135,0.119,0.12,0.127,0.12,0.124,0.123,0.123,0.143,0.135,0.172,0.279,0.122,0.102,0.133,0.107,0.104,0.094,0.094,0.09,0.091,0.262,0.095,0.143,0.24,0.155,0.268,0.236,0.298,0.14,0.112,0.134,0.136,0.125,0.141,0.137,0.139,0.15,0.202,0.147,0.175,0.142,0.141,0.123,0.165,0.122,0.144,0.135,0.093,0.095,0.094,0.097,0.095
8.50,0.123,0.116,0.112,0.125,0.129,0.138,0.163,0.141,0.119,0.158,0.16,0.182,0.225,0.256,0.147,0.326,0.282,0.123,0.241,0.127,0.108,0.162,0.131,0.143,0.131,0.123,0.103,0.109,0.107,0.141,0.276,0.117,0.109,0.157,0.137,0.153,0.113,0.135,0.115,0.152,0.17,0.14,0.09,0.138,0.121,0.121,0.129,0.122,0.126,0.126,0.124,0.147,0.139,0.176,0.312,0.124,0.102,0.135,0.108,0.104,0.094,0.094,0.09,0.091,0.277,0.096,0.147,0.251,0.161,0.288,0.255,0.338,0.143,0.113,0.136,0.139,0.127,0.145,0.141,0.144,0.154,0.206,0.151,0.191,0.146,0.143,0.122,0.171,0.125,0.151,0.139,0.093,0.095,0.094,0.097,0.095
9.00,0.124,0.117,0.112,0.127,0.131,0.142,0.174,0.145,0.12,0.157,0.164,0.184,0.247,0.266,0.162,0.349,0.303,0.123,0.258,0.125,0.108,0.206,0.133,0.147,0.133,0.125,0.103,0.11,0.108,0.143,0.289,0.118,0.109,0.16,0.139,0.159,0.115,0.137,0.116,0.157,0.174,0.142,0.089,0.141,0.123,0.122,0.131,0.124,0.128,0.128,0.125,0.15,0.143,0.179,0.355,0.125,0.103,0.138,0.109,0.105,0.094,0.094,0.09,0.091,0.305,0.094,0.15,0.276,0.174,0.317,0.26,0.386,0.145,0.117,0.137,0.142,0.129,0.15,0.145,0.148,0.158,0.21,0.155,0.187,0.148,0.147,0.123,0.179,0.126,0.155,0.141,0.093,0.095,0.094,0.097,0.095
9.50,0.125,0.117,0.113,0.129,0.134,0.146,0.191,0.149,0.122,0.16,0.167,0.19,0.264,0.277,0.171,0.395,0.36,0.125,0.273,0.147,0.108,0.212,0.135,0.153,0.135,0.127,0.104,0.111,0.109,0.145,0.313,0.12,0.109,0.164,0.141,0.159,0.116,0.141,0.116,0.161,0.178,0.145,0.089,0.143,0.125,0.123,0.142,0.124,0.131,0.131,0.126,0.153,0.146,0.183,0.387,0.127,0.103,0.14,0.11,0.106,0.094,0.094,0.09,0.091,0.355,0.094,0.151,0.282,0.185,0.375,0.268,0.386,0.147,0.115,0.139,0.144,0.131,0.153,0.149,0.152,0.161,0.213,0.159,0.197,0.151,0.15,0.124,0.186,0.128,0.157,0.142,0.093,0.095,0.094,0.097,0.095
10.00,0.127,0.118,0.113,0.132,0.142,0.148,0.209,0.153,0.122,0.171,0.171,0.194,0.279,0.308,0.183,0.397,0.383,0.126,0.286,0.15,0.109,0.22,0.137,0.159,0.136,0.128,0.104,0.112,0.11,0.148,0.323,0.121,0.11,0.165,0.143,0.158,0.117,0.144,0.117,0.167,0.183,0.147,0.089,0.145,0.126,0.124,0.144,0.127,0.134,0.133,0.127,0.154,0.149,0.186,0.401,0.142,0.104,0.142,0.111,0.107,0.095,0.094,0.09,0.091,0.384,0.094,0.152,0.305,0.195,0.375,0.285,0.424,0.15,0.116,0.142,0.146,0.133,0.155,0.151,0.155,0.164,0.218,0.162,0.184,0.154,0.154,0.125,0.193,0.132,0.156,0.144,0.093,0.095,0.094,0.097,0.095
10.50,0.128,0.119,0.114,0.134,0.145,0.152,0.227,0.156,0.123,0.168,0.174,0.199,0.288,0.356,0.197,0.435,0.401,0.127,0.31,0.158,0.11,0.228,0.14,0.165,0.138,0.13,0.104,0.113,0.111,0.152,0.352,0.123,0.11,0.17,0.146,0.162,0.119,0.148,0.118,0.174,0.19,0.149,0.09,0.148,0.131,0.126,0.147,0.129,0.136,0.135,0.128,0.158,0.153,0.19,0.427,0.144,0.104,0.144,0.112,0.108,0.095,0.094,0.091,0.091,0.38,0.095,0.155,0.343,0.206,0.408,0.303,0.46,0.153,0.117,0.143,0.149,0.135,0.159,0.155,0.159,0.168,0.223,0.167,0.187,0.158,0.157,0.126,0.202,0.135,0.163,0.147,0.093,0.095,0.094,0.097,0.095
11.00,0.129,0.12,0.115,0.135,0.147,0.153,0.244,0.158,0.124,0.174,0.178,0.204,0.302,0.365,0.213,0.431,0.416,0.128,0.321,0.162,0.111,0.241,0.143,0.172,0.14,0.132,0.105,0.115,0.112,0.155,0.377,0.125,0.11,0.17,0.147,0.167,0.121,0.152,0.129,0.182,0.197,0.153,0.089,0.15,0.133,0.127,0.152,0.131,0.138,0.138,0.129,0.159,0.155,0.194,0.451,0.147,0.105,0.148,0.125,0.109,0.094,0.094,0.09,0.091,0.398,0.095,0.155,0.364,0.223,0.435,0.33,0.474,0.156,0.119,0.146,0.152,0.138,0.16,0.158,0.162,0.171,0.227,0.172,0.195,0.162,0.163,0.133,0.213,0.14,0.166,0.15,0.093,0.096,0.095,0.098,0.095
11.50,0.13,0.121,0.115,0.138,0.149,0.155,0.263,0.162,0.127,0.176,0.18,0.21,0.307,0.381,0.229,0.477,0.433,0.129,0.334,0.168,0.111,0.249,0.145,0.179,0.141,0.134,0.105,0.116,0.113,0.159,0.39,0.126,0.11,0.171,0.148,0.168,0.122,0.176,0.121,0.189,0.203,0.155,0.089,0.15,0.135,0.128,0.154,0.132,0.141,0.14,0.13,0.161,0.156,0.198,0.461,0.149,0.105,0.15,0.127,0.11,0.095,0.094,0.09,0.091,0.429,0.095,0.157,0.38,0.237,0.457,0.361,0.48,0.157,0.122,0.147,0.154,0.14,0.162,0.161,0.165,0.174,0.234,0.175,0.195,0.165,0.169,0.135,0.223,0.15,0.167,0.151,0.093,0.095,0.094,0.097,0.095
12.00,0.132,0.122,0.116,0.142,0.153,0.161,0.275,0.166,0.127,0.177,0.184,0.216,0.34,0.393,0.243,0.48,0.447,0.131,0.357,0.17,0.112,0.26,0.148,0.188,0.144,0.136,0.106,0.117,0.115,0.175,0.414,0.128,0.111,0.174,0.151,0.168,0.124,0.18,0.122,0.196,0.211,0.159,0.089,0.153,0.138,0.13,0.157,0.135,0.144,0.143,0.131,0.163,0.159,0.204,0.501,0.152,0.106,0.154,0.129,0.111,0.094,0.094,0.09,0.091,0.429,0.095,0.159,0.402,0.249,0.488,0.381,0.51,0.161,0.124,0.149,0.157,0.141,0.164,0.163,0.168,0.178,0.243,0.181,0.201,0.173,0.175,0.13,0.234,0.147,0.167,0.154,0.093,0.096,0.094,0.098,0.095
12.50,0.134,0.124,0.117,0.144,0.155,0.162,0.289,0.171,0.128,0.184,0.186,0.224,0.342,0.411,0.258,0.476,0.468,0.132,0.381,0.171,0.113,0.273,0.151,0.198,0.147,0.138,0.106,0.119,0.117,0.182,0.429,0.13,0.111,0.177,0.155,0.172,0.126,0.187,0.123,0.207,0.25,0.164,0.091,0.155,0.14,0.131,0.16,0.139,0.146,0.145,0.132,0.166,0.162,0.212,0.497,0.155,0.106,0.158,0.13,0.112,0.095,0.094,0.091,0.091,0.449,0.095,0.161,0.427,0.263,0.506,0.398,0.518,0.163,0.125,0.151,0.16,0.145,0.166,0.165,0.172,0.182,0.253,0.186,0.206,0.178,0.205,0.132,0.246,0.152,0.172,0.156,0.093,0.096,0.095,0.098,0.096
13.00,0.135,0.125,0.117,0.147,0.157,0.166,0.302,0.173,0.131,0.192,0.191,0.231,0.372,0.413,0.273,0.474,0.479,0.134,0.418,0.177,0.113,0.285,0.155,0.207,0.149,0.141,0.107,0.12,0.118,0.189,0.464,0.132,0.112,0.18,0.156,0.177,0.129,0.192,0.124,0.215,0.23,0.167,0.089,0.158,0.143,0.133,0.163,0.141,0.148,0.147,0.133,0.17,0.164,0.219,0.509,0.157,0.107,0.162,0.132,0.113,0.095,0.094,0.091,0.091,0.468,0.095,0.165,0.461,0.276,0.509,0.408,0.531,0.166,0.126,0.154,0.164,0.148,0.169,0.167,0.177,0.186,0.264,0.188,0.211,0.184,0.207,0.133,0.26,0.157,0.176,0.158,0.093,0.096,0.095,0.098,0.096
13.50,0.138,0.127,0.118,0.15,0.16,0.17,0.315,0.179,0.131,0.224,0.194,0.239,0.415,0.43,0.284,0.479,0.475,0.136,0.43,0.183,0.114,0.301,0.159,0.219,0.151,0.144,0.107,0.123,0.12,0.209,0.469,0.134,0.112,0.182,0.157,0.178,0.13,0.226,0.126,0.226,0.248,0.171,0.089,0.159,0.144,0.134,0.164,0.144,0.151,0.148,0.133,0.172,0.166,0.226,0.517,0.161,0.108,0.167,0.134,0.115,0.095,0.094,0.091,0.091,0.484,0.095,0.168,0.471,0.289,0.503,0.426,0.523,0.168,0.129,0.155,0.165,0.151,0.171,0.168,0.182,0.189,0.272,0.198,0.214,0.188,0.215,0.134,0.274,0.163,0.176,0.16,0.093,0.096,0.094,0.098,0.096
14.00,0.14,0.129,0.119,0.155,0.163,0.175,0.337,0.19,0.132,0.198,0.196,0.246,0.412,0.432,0.296,0.473,0.487,0.138,0.448,0.189,0.115,0.316,0.163,0.231,0.155,0.146,0.107,0.125,0.121,0.22,0.481,0.135,0.112,0.185,0.16,0.18,0.133,0.235,0.127,0.237,0.259,0.174,0.09,0.161,0.147,0.136,0.167,0.147,0.153,0.151,0.134,0.175,0.168,0.233,0.53,0.163,0.108,0.171,0.136,0.117,0.095,0.094,0.091,0.091,0.492,0.095,0.171,0.478,0.293,0.504,0.443,0.525,0.179,0.132,0.157,0.17,0.153,0.175,0.17,0.194,0.193,0.279,0.198,0.218,0.194,0.224,0.137,0.288,0.169,0.177,0.161,0.093,0.096,0.095,0.098,0.096
14.50,0.143,0.131,0.119,0.158,0.166,0.178,0.358,0.195,0.134,0.21,0.198,0.255,0.423,0.425,0.304,0.509,0.493,0.14,0.454,0.196,0.116,0.33,0.168,0.244,0.161,0.149,0.108,0.127,0.124,0.229,0.494,0.138,0.113,0.19,0.163,0.186,0.136,0.245,0.128,0.25,0.271,0.178,0.091,0.164,0.15,0.139,0.17,0.151,0.154,0.154,0.135,0.18,0.173,0.242,0.531,0.167,0.109,0.176,0.138,0.118,0.095,0.094,0.091,0.091,0.497,0.095,0.174,0.487,0.33,0.492,0.445,0.521,0.185,0.136,0.16,0.172,0.157,0.178,0.172,0.203,0.196,0.286,0.2,0.227,0.208,0.234,0.139,0.306,0.177,0.181,0.164,0.093,0.096,0.095,0.098,0.096
15.00,0.145,0.133,0.12,0.162,0.17,0.185,0.368,0.201,0.135,0.216,0.202,0.263,0.445,0.414,0.335,0.485,0.502,0.142,0.464,0.203,0.117,0.354,0.173,0.261,0.164,0.152,0.108,0.129,0.126,0.24,0.496,0.14,0.113,0.194,0.166,0.19,0.139,0.256,0.129,0.263,0.28,0.181,0.089,0.167,0.153,0.141,0.173,0.155,0.156,0.156,0.136,0.184,0.178,0.249,0.542,0.169,0.109,0.18,0.14,0.12,0.095,0.094,0.091,0.091,0.495,0.095,0.177,0.499,0.36,0.501,0.447,0.511,0.188,0.138,0.162,0.176,0.161,0.182,0.174,0.211,0.2,0.292,0.209,0.234,0.216,0.258,0.14,0.322,0.184,0.185,0.166,0.093,0.096,0.095,0.098,0.096
15.50,0.148,0.135,0.121,0.165,0.172,0.187,0.385,0.205,0.137,0.221,0.205,0.273,0.414,0.408,0.348,0.493,0.512,0.145,0.475,0.214,0.117,0.364,0.178,0.278,0.168,0.156,0.109,0.132,0.128,0.25,0.518,0.142,0.114,0.195,0.166,0.191,0.154,0.267,0.131,0.277,0.322,0.187,0.09,0.169,0.155,0.143,0.174,0.158,0.158,0.158,0.137,0.188,0.18,0.254,0.554,0.173,0.11,0.184,0.142,0.123,0.095,0.094,0.091,0.092,0.504,0.095,0.178,0.513,0.387,0.504,0.452,0.52,0.189,0.142,0.165,0.179,0.164,0.186,0.175,0.22,0.203,0.297,0.213,0.237,0.224,0.27,0.142,0.338,0.192,0.187,0.169,0.093,0.096,0.095,0.098,0.096
16.00,0.152,0.139,0.123,0.171,0.178,0.197,0.405,0.214,0.141,0.221,0.21,0.284,0.413,0.417,0.346,0.506,0.506,0.148,0.475,0.221,0.119,0.374,0.184,0.294,0.172,0.161,0.109,0.135,0.13,0.261,0.516,0.146,0.115,0.198,0.169,0.195,0.159,0.278,0.132,0.289,0.331,0.192,0.09,0.173,0.158,0.147,0.176,0.163,0.16,0.16,0.138,0.191,0.183,0.263,0.554,0.177,0.111,0.188,0.145,0.124,0.096,0.094,0.091,0.092,0.495,0.095,0.182,0.521,0.398,0.508,0.449,0.516,0.192,0.144,0.167,0.184,0.168,0.189,0.177,0.226,0.206,0.309,0.219,0.245,0.232,0.28,0.143,0.351,0.201,0.188,0.169,0.093,0.096,0.095,0.098,0.096
16.50,0.155,0.141,0.124,0.176,0.183,0.202,0.421,0.22,0.142,0.231,0.215,0.296,0.385,0.413,0.365,0.507,0.487,0.151,0.48,0.257,0.12,0.399,0.19,0.313,0.176,0.164,0.127,0.138,0.133,0.271,0.511,0.149,0.115,0.202,0.172,0.199,0.163,0.286,0.133,0.303,0.34,0.197,0.09,0.176,0.16,0.151,0.179,0.168,0.162,0.162,0.139,0.195,0.187,0.266,0.561,0.181,0.111,0.192,0.148,0.127,0.095,0.095,0.091,0.092,0.49,0.095,0.186,0.52,0.424,0.506,0.441,0.517,0.196,0.147,0.169,0.19,0.172,0.193,0.178,0.23,0.209,0.315,0.224,0.255,0.24,0.29,0.145,0.364,0.213,0.191,0.172,0.093,0.096,0.095,0.098,0.096
17.00,0.158,0.143,0.124,0.179,0.186,0.204,0.436,0.226,0.143,0.24,0.221,0.304,0.372,0.402,0.371,0.505,0.482,0.152,0.468,0.269,0.12,0.412,0.196,0.329,0.181,0.168,0.128,0.142,0.136,0.287,0.509,0.151,0.116,0.206,0.173,0.206,0.169,0.295,0.134,0.318,0.35,0.203,0.091,0.181,0.162,0.155,0.182,0.174,0.164,0.165,0.14,0.199,0.192,0.27,0.557,0.185,0.112,0.196,0.15,0.129,0.095,0.095,0.091,0.092,0.49,0.095,0.19,0.515,0.433,0.503,0.426,0.517,0.199,0.15,0.173,0.196,0.176,0.196,0.181,0.233,0.213,0.319,0.23,0.264,0.248,0.299,0.147,0.381,0.224,0.196,0.175,0.093,0.096,0.095,0.098,0.096
17.50,0.162,0.148,0.125,0.184,0.19,0.216,0.453,0.233,0.145,0.254,0.225,0.313,0.37,0.399,0.376,0.506,0.477,0.155,0.467,0.307,0.122,0.42,0.204,0.347,0.184,0.172,0.129,0.146,0.139,0.303,0.508,0.153,0.116,0.211,0.173,0.21,0.174,0.304,0.136,0.332,0.357,0.206,0.09,0.184,0.164,0.159,0.185,0.18,0.166,0.168,0.141,0.204,0.196,0.275,0.552,0.193,0.113,0.199,0.153,0.134,0.095,0.095,0.091,0.092,0.498,0.095,0.194,0.509,0.445,0.5,0.406,0.514,0.205,0.153,0.175,0.199,0.181,0.2,0.183,0.237,0.217,0.324,0.238,0.274,0.259,0.307,0.149,0.394,0.235,0.2,0.176,0.093,0.096,0.095,0.098,0.096
18.00,0.166,0.151,0.127,0.19,0.195,0.227,0.404,0.241,0.148,0.262,0.23,0.32,0.371,0.396,0.353,0.508,0.474,0.158,0.462,0.307,0.123,0.43,0.211,0.364,0.189,0.176,0.131,0.149,0.142,0.323,0.504,0.157,0.116,0.215,0.175,0.216,0.193,0.311,0.142,0.345,0.365,0.212,0.09,0.19,0.165,0.165,0.187,0.186,0.167,0.17,0.142,0.208,0.2,0.279,0.549,0.198,0.114,0.203,0.156,0.137,0.095,0.095,0.091,0.092,0.505,0.095,0.198,0.507,0.45,0.492,0.395,0.511,0.209,0.157,0.178,0.205,0.186,0.204,0.185,0.24,0.219,0.328,0.245,0.277,0.269,0.315,0.151,0.404,0.247,0.202,0.178,0.093,0.096,0.095,0.098,0.096
18.50,0.169,0.155,0.128,0.195,0.203,0.236,0.385,0.247,0.15,0.27,0.244,0.327,0.372,0.395,0.346,0.504,0.468,0.161,0.455,0.318,0.123,0.439,0.219,0.38,0.194,0.181,0.132,0.153,0.145,0.344,0.5,0.16,0.117,0.218,0.176,0.22,0.198,0.337,0.138,0.358,0.372,0.217,0.09,0.193,0.167,0.17,0.19,0.193,0.169,0.173,0.142,0.212,0.203,0.282,0.549,0.202,0.114,0.207,0.159,0.14,0.095,0.095,0.091,0.091,0.509,0.095,0.2,0.502,0.399,0.49,0.382,0.505,0.214,0.161,0.18,0.211,0.19,0.208,0.186,0.242,0.221,0.331,0.251,0.279,0.278,0.322,0.152,0.414,0.257,0.205,0.18,0.093,0.096,0.095,0.098,0.096
19.00,0.174,0.16,0.129,0.201,0.209,0.243,0.395,0.252,0.153,0.266,0.251,0.333,0.373,0.394,0.353,0.499,0.463,0.163,0.449,0.33,0.125,0.447,0.229,0.396,0.198,0.185,0.133,0.158,0.149,0.359,0.496,0.163,0.117,0.223,0.179,0.226,0.205,0.345,0.14,0.369,0.379,0.223,0.09,0.199,0.169,0.178,0.194,0.203,0.171,0.176,0.143,0.216,0.208,0.286,0.546,0.206,0.115,0.211,0.162,0.144,0.096,0.095,0.091,0.092,0.509,0.095,0.204,0.499,0.35,0.486,0.376,0.499,0.22,0.164,0.183,0.217,0.196,0.212,0.188,0.244,0.224,0.336,0.261,0.284,0.289,0.329,0.155,0.423,0.27,0.209,0.182,0.093,0.096,0.095,0.098,0.096
19.50,0.178,0.165,0.131,0.208,0.215,0.248,0.412,0.258,0.154,0.275,0.259,0.34,0.377,0.39,0.367,0.493,0.458,0.164,0.444,0.341,0.125,0.458,0.237,0.411,0.203,0.189,0.134,0.162,0.153,0.395,0.492,0.168,0.118,0.229,0.179,0.231,0.215,0.35,0.142,0.379,0.388,0.229,0.09,0.203,0.169,0.186,0.198,0.211,0.172,0.179,0.144,0.222,0.213,0.292,0.538,0.211,0.116,0.216,0.165,0.149,0.096,0.095,0.091,0.092,0.508,0.095,0.211,0.494,0.33,0.483,0.373,0.494,0.226,0.17,0.19,0.22,0.202,0.216,0.19,0.248,0.227,0.341,0.267,0.288,0.3,0.336,0.157,0.433,0.283,0.212,0.186,0.094,0.096,0.095,0.098,0.096
20.00,0.184,0.17,0.132,0.215,0.222,0.254,0.426,0.264,0.158,0.283,0.266,0.346,0.378,0.388,0.377,0.489,0.454,0.167,0.441,0.351,0.126,0.466,0.246,0.426,0.208,0.193,0.136,0.167,0.157,0.411,0.49,0.172,0.118,0.233,0.182,0.238,0.223,0.36,0.143,0.392,0.395,0.235,0.09,0.207,0.173,0.193,0.203,0.219,0.175,0.183,0.145,0.226,0.218,0.297,0.531,0.216,0.117,0.221,0.169,0.153,0.096,0.095,0.091,0.092,0.507,0.095,0.215,0.492,0.326,0.48,0.37,0.491,0.231,0.18,0.194,0.225,0.208,0.222,0.193,0.253,0.23,0.348,0.276,0.294,0.31,0.343,0.159,0.442,0.294,0.217,0.187,0.093,0.096,0.095,0.098,0.096
20.50,0.188,0.177,0.134,0.219,0.228,0.257,0.435,0.271,0.165,0.291,0.271,0.351,0.382,0.386,0.388,0.482,0.45,0.17,0.434,0.362,0.127,0.473,0.256,0.44,0.214,0.199,0.137,0.171,0.161,0.426,0.487,0.175,0.119,0.236,0.183,0.243,0.235,0.379,0.145,0.402,0.402,0.243,0.09,0.21,0.173,0.2,0.208,0.226,0.176,0.185,0.147,0.23,0.222,0.302,0.523,0.22,0.118,0.228,0.172,0.159,0.096,0.095,0.091,0.092,0.502,0.095,0.22,0.487,0.32,0.476,0.371,0.486,0.237,0.185,0.196,0.228,0.211,0.226,0.194,0.257,0.232,0.352,0.283,0.3,0.32,0.35,0.161,0.453,0.306,0.221,0.19,0.094,0.096,0.095,0.098,0.096
21.00,0.193,0.186,0.136,0.222,0.235,0.261,0.443,0.277,0.167,0.3,0.275,0.361,0.383,0.383,0.394,0.478,0.445,0.171,0.43,0.371,0.127,0.483,0.265,0.453,0.22,0.202,0.139,0.177,0.166,0.453,0.482,0.181,0.119,0.239,0.187,0.248,0.244,0.386,0.145,0.411,0.41,0.249,0.09,0.215,0.181,0.206,0.213,0.232,0.178,0.19,0.148,0.234,0.225,0.308,0.521,0.224,0.12,0.233,0.176,0.163,0.096,0.095,0.091,0.092,0.495,0.095,0.224,0.485,0.315,0.474,0.369,0.482,0.241,0.192,0.199,0.232,0.214,0.228,0.196,0.262,0.234,0.364,0.292,0.307,0.329,0.356,0.162,0.461,0.316,0.225,0.19,0.093,0.096,0.095,0.098,0.096
21.50,0.199,0.195,0.139,0.229,0.242,0.267,0.452,0.284,0.172,0.308,0.284,0.371,0.385,0.384,0.4,0.473,0.442,0.174,0.428,0.381,0.129,0.489,0.277,0.464,0.227,0.207,0.141,0.181,0.17,0.453,0.48,0.187,0.121,0.243,0.19,0.256,0.252,0.392,0.147,0.422,0.416,0.254,0.09,0.217,0.183,0.211,0.217,0.24,0.18,0.194,0.15,0.24,0.229,0.315,0.52,0.228,0.121,0.237,0.18,0.168,0.096,0.095,0.091,0.092,0.49,0.095,0.231,0.484,0.313,0.47,0.367,0.479,0.245,0.198,0.202,0.239,0.22,0.232,0.199,0.268,0.236,0.37,0.291,0.315,0.339,0.361,0.17,0.471,0.325,0.231,0.192,0.094,0.096,0.095,0.098,0.096
22.00,0.206,0.201,0.141,0.235,0.248,0.273,0.456,0.288,0.174,0.315,0.291,0.381,0.387,0.383,0.405,0.47,0.439,0.177,0.426,0.389,0.129,0.498,0.287,0.477,0.233,0.21,0.142,0.187,0.174,0.476,0.479,0.194,0.122,0.249,0.194,0.267,0.266,0.399,0.149,0.433,0.424,0.26,0.09,0.221,0.186,0.217,0.222,0.246,0.182,0.198,0.151,0.244,0.233,0.322,0.516,0.232,0.122,0.242,0.184,0.174,0.096,0.095,0.091,0.092,0.486,0.095,0.235,0.48,0.311,0.467,0.366,0.474,0.25,0.203,0.206,0.246,0.225,0.236,0.202,0.274,0.237,0.376,0.295,0.323,0.347,0.367,0.167,0.481,0.333,0.234,0.192,0.094,0.096,0.095,0.098,0.096
22.50,0.212,0.208,0.144,0.243,0.256,0.28,0.462,0.296,0.173,0.322,0.297,0.389,0.39,0.383,0.406,0.467,0.434,0.179,0.424,0.398,0.131,0.514,0.298,0.485,0.238,0.214,0.144,0.191,0.18,0.477,0.476,0.202,0.123,0.251,0.198,0.273,0.274,0.405,0.153,0.444,0.432,0.265,0.09,0.226,0.19,0.223,0.226,0.254,0.184,0.202,0.153,0.251,0.238,0.329,0.513,0.235,0.123,0.247,0.189,0.182,0.096,0.095,0.091,0.092,0.481,0.095,0.241,0.476,0.31,0.464,0.366,0.47,0.253,0.208,0.209,0.254,0.231,0.239,0.206,0.28,0.24,0.384,0.299,0.332,0.354,0.375,0.17,0.491,0.341,0.24,0.194,0.094,0.096,0.095,0.098,0.096
23.00,0.218,0.215,0.146,0.251,0.265,0.286,0.463,0.301,0.179,0.331,0.301,0.4,0.392,0.384,0.407,0.466,0.433,0.181,0.423,0.407,0.132,0.523,0.308,0.498,0.243,0.219,0.146,0.196,0.184,0.491,0.475,0.209,0.124,0.258,0.202,0.282,0.281,0.411,0.152,0.456,0.441,0.27,0.09,0.231,0.194,0.23,0.228,0.261,0.187,0.207,0.154,0.258,0.242,0.336,0.513,0.239,0.125,0.252,0.193,0.187,0.096,0.095,0.091,0.092,0.478,0.095,0.248,0.474,0.31,0.464,0.367,0.468,0.256,0.219,0.213,0.263,0.238,0.245,0.211,0.287,0.243,0.391,0.302,0.341,0.361,0.381,0.176,0.503,0.349,0.245,0.197,0.094,0.096,0.095,0.098,0.096
23.50,0.222,0.22,0.149,0.259,0.271,0.296,0.467,0.307,0.177,0.338,0.307,0.413,0.396,0.383,0.408,0.465,0.43,0.183,0.422,0.416,0.133,0.535,0.319,0.509,0.248,0.222,0.148,0.2,0.188,0.527,0.472,0.217,0.125,0.266,0.206,0.289,0.288,0.418,0.154,0.469,0.448,0.274,0.09,0.236,0.196,0.236,0.231,0.269,0.19,0.212,0.156,0.266,0.247,0.352,0.511,0.244,0.126,0.259,0.198,0.193,0.096,0.095,0.091,0.092,0.475,0.095,0.256,0.471,0.311,0.46,0.367,0.465,0.259,0.217,0.217,0.272,0.247,0.25,0.215,0.293,0.243,0.398,0.306,0.351,0.373,0.387,0.174,0.514,0.357,0.249,0.199,0.094,0.096,0.095,0.098,0.096
24.00,0.227,0.228,0.152,0.269,0.28,0.304,0.466,0.314,0.179,0.361,0.314,0.426,0.399,0.383,0.41,0.463,0.43,0.185,0.422,0.424,0.133,0.544,0.328,0.52,0.253,0.226,0.149,0.206,0.193,0.542,0.471,0.224,0.127,0.271,0.211,0.297,0.295,0.426,0.162,0.481,0.458,0.279,0.09,0.243,0.2,0.243,0.236,0.28,0.194,0.217,0.159,0.276,0.256,0.358,0.51,0.248,0.127,0.265,0.203,0.201,0.096,0.095,0.091,0.092,0.474,0.095,0.266,0.469,0.311,0.459,0.368,0.462,0.266,0.223,0.223,0.281,0.255,0.257,0.22,0.301,0.246,0.406,0.312,0.362,0.379,0.393,0.191,0.526,0.367,0.255,0.2,0.094,0.097,0.095,0.098,0.096
24.50,0.229,0.234,0.156,0.278,0.286,0.31,0.468,0.321,0.183,0.37,0.318,0.437,0.403,0.384,0.411,0.462,0.429,0.187,0.422,0.434,0.135,0.552,0.34,0.531,0.257,0.231,0.152,0.211,0.198,0.542,0.468,0.229,0.128,0.279,0.216,0.307,0.302,0.432,0.164,0.494,0.465,0.283,0.09,0.25,0.202,0.25,0.24,0.291,0.197,0.222,0.16,0.285,0.263,0.367,0.509,0.254,0.129,0.272,0.206,0.207,0.096,0.095,0.091,0.092,0.474,0.095,0.275,0.467,0.312,0.457,0.368,0.459,0.267,0.228,0.229,0.292,0.263,0.264,0.223,0.308,0.247,0.413,0.313,0.373,0.386,0.403,0.18,0.543,0.373,0.259,0.199,0.094,0.097,0.095,0.098,0.096
25.00,0.235,0.241,0.158,0.287,0.296,0.319,0.467,0.329,0.186,0.382,0.323,0.452,0.405,0.384,0.412,0.46,0.429,0.189,0.421,0.443,0.137,0.559,0.359,0.545,0.261,0.236,0.154,0.217,0.202,0.565,0.466,0.236,0.13,0.287,0.222,0.318,0.308,0.463,0.161,0.508,0.473,0.288,0.09,0.27,0.206,0.259,0.242,0.302,0.201,0.227,0.162,0.296,0.271,0.374,0.509,0.259,0.13,0.279,0.21,0.217,0.096,0.095,0.091,0.092,0.473,0.095,0.286,0.466,0.314,0.456,0.369,0.458,0.273,0.234,0.234,0.301,0.272,0.272,0.228,0.316,0.249,0.421,0.32,0.385,0.391,0.41,0.181,0.555,0.382,0.264,0.206,0.094,0.097,0.095,0.098,0.096
25.50,0.239,0.249,0.161,0.299,0.307,0.327,0.467,0.336,0.184,0.39,0.328,0.459,0.407,0.383,0.413,0.459,0.428,0.19,0.422,0.452,0.137,0.57,0.357,0.557,0.266,0.24,0.155,0.222,0.207,0.555,0.465,0.244,0.131,0.295,0.225,0.329,0.318,0.451,0.162,0.522,0.482,0.292,0.09,0.277,0.209,0.267,0.247,0.314,0.204,0.231,0.164,0.306,0.279,0.39,0.506,0.265,0.132,0.286,0.214,0.225,0.096,0.095,0.091,0.092,0.471,0.095,0.295,0.465,0.316,0.454,0.371,0.456,0.277,0.24,0.241,0.312,0.281,0.28,0.231,0.324,0.251,0.43,0.322,0.398,0.395,0.417,0.185,0.566,0.389,0.268,0.203,0.094,0.097,0.095,0.098,0.096
26.00,0.244,0.258,0.163,0.31,0.317,0.335,0.467,0.345,0.194,0.4,0.334,0.471,0.41,0.383,0.412,0.459,0.429,0.193,0.423,0.466,0.138,0.577,0.367,0.571,0.27,0.244,0.158,0.228,0.212,0.578,0.464,0.252,0.132,0.303,0.231,0.339,0.324,0.457,0.165,0.535,0.49,0.296,0.09,0.285,0.212,0.276,0.253,0.327,0.208,0.235,0.166,0.318,0.288,0.396,0.506,0.27,0.133,0.293,0.218,0.233,0.096,0.095,0.091,0.092,0.47,0.095,0.307,0.465,0.317,0.453,0.372,0.455,0.281,0.249,0.249,0.323,0.29,0.29,0.234,0.332,0.254,0.438,0.327,0.41,0.403,0.425,0.186,0.578,0.397,0.276,0.204,0.094,0.097,0.095,0.098,0.096
26.50,0.248,0.266,0.168,0.322,0.326,0.357,0.467,0.351,0.185,0.405,0.339,0.484,0.412,0.382,0.411,0.457,0.427,0.193,0.423,0.491,0.139,0.585,0.375,0.583,0.275,0.248,0.16,0.234,0.218,0.567,0.461,0.256,0.133,0.314,0.236,0.351,0.33,0.466,0.168,0.55,0.499,0.3,0.09,0.293,0.214,0.286,0.26,0.339,0.212,0.241,0.168,0.33,0.298,0.404,0.504,0.278,0.135,0.303,0.222,0.239,0.096,0.095,0.091,0.092,0.469,0.095,0.319,0.463,0.317,0.45,0.374,0.453,0.285,0.253,0.255,0.335,0.299,0.299,0.236,0.341,0.254,0.446,0.332,0.425,0.416,0.431,0.188,0.591,0.405,0.284,0.204,0.094,0.096,0.095,0.098,0.096
27.00,0.254,0.275,0.17,0.335,0.338,0.366,0.467,0.361,0.196,0.413,0.344,0.497,0.414,0.382,0.412,0.456,0.427,0.197,0.423,0.53,0.141,0.601,0.384,0.598,0.279,0.255,0.162,0.24,0.224,0.571,0.461,0.264,0.134,0.325,0.243,0.363,0.336,0.497,0.171,0.564,0.509,0.305,0.09,0.302,0.218,0.296,0.267,0.354,0.217,0.248,0.169,0.341,0.308,0.415,0.503,0.284,0.137,0.313,0.228,0.249,0.096,0.095,0.091,0.092,0.468,0.095,0.33,0.462,0.318,0.45,0.375,0.452,0.292,0.261,0.264,0.347,0.309,0.311,0.24,0.349,0.256,0.454,0.336,0.436,0.421,0.438,0.191,0.602,0.414,0.291,0.211,0.094,0.097,0.095,0.098,0.096
27.50,0.259,0.283,0.175,0.347,0.349,0.373,0.467,0.364,0.192,0.421,0.35,0.511,0.416,0.383,0.411,0.455,0.426,0.197,0.424,0.498,0.143,0.607,0.392,0.61,0.282,0.26,0.165,0.247,0.23,0.57,0.458,0.272,0.137,0.336,0.248,0.376,0.342,0.506,0.175,0.578,0.516,0.31,0.09,0.313,0.222,0.306,0.276,0.368,0.221,0.255,0.171,0.351,0.32,0.421,0.501,0.289,0.138,0.322,0.232,0.255,0.096,0.095,0.091,0.092,0.466,0.095,0.34,0.459,0.318,0.448,0.376,0.452,0.296,0.268,0.271,0.357,0.318,0.321,0.242,0.356,0.258,0.459,0.339,0.448,0.426,0.445,0.193,0.615,0.423,0.298,0.205,0.094,0.097,0.095,0.098,0.096
28.00,0.265,0.294,0.18,0.358,0.359,0.379,0.467,0.369,0.193,0.429,0.353,0.527,0.418,0.382,0.412,0.454,0.426,0.198,0.424,0.505,0.143,0.617,0.4,0.622,0.285,0.266,0.168,0.253,0.236,0.573,0.457,0.281,0.138,0.348,0.253,0.387,0.346,0.526,0.179,0.59,0.523,0.315,0.09,0.321,0.226,0.316,0.281,0.38,0.225,0.263,0.172,0.361,0.33,0.43,0.5,0.296,0.139,0.331,0.235,0.262,0.096,0.095,0.091,0.092,0.466,0.095,0.35,0.458,0.319,0.446,0.377,0.45,0.301,0.275,0.277,0.367,0.327,0.332,0.244,0.363,0.259,0.472,0.343,0.457,0.43,0.455,0.195,0.624,0.433,0.303,0.207,0.094,0.097,0.095,0.098,0.096
28.50,0.271,0.304,0.184,0.371,0.373,0.387,0.469,0.379,0.197,0.437,0.364,0.541,0.42,0.381,0.414,0.454,0.426,0.201,0.424,0.515,0.145,0.626,0.409,0.635,0.292,0.27,0.17,0.26,0.242,0.576,0.455,0.29,0.14,0.36,0.258,0.402,0.352,0.536,0.181,0.601,0.535,0.321,0.09,0.331,0.231,0.327,0.291,0.396,0.229,0.271,0.174,0.372,0.341,0.438,0.498,0.3,0.141,0.342,0.24,0.27,0.096,0.095,0.091,0.092,0.464,0.095,0.361,0.457,0.32,0.445,0.377,0.451,0.309,0.283,0.289,0.38,0.337,0.344,0.248,0.371,0.261,0.481,0.349,0.47,0.436,0.466,0.199,0.637,0.442,0.313,0.208,0.094,0.097,0.095,0.098,0.096
29.00,0.277,0.313,0.187,0.382,0.382,0.394,0.47,0.383,0.191,0.451,0.376,0.558,0.421,0.381,0.413,0.454,0.426,0.202,0.424,0.524,0.147,0.636,0.416,0.648,0.296,0.276,0.173,0.268,0.248,0.576,0.454,0.301,0.141,0.372,0.263,0.414,0.358,0.555,0.184,0.616,0.545,0.326,0.09,0.341,0.236,0.338,0.299,0.409,0.233,0.28,0.175,0.383,0.352,0.447,0.497,0.307,0.143,0.351,0.246,0.281,0.096,0.095,0.091,0.092,0.463,0.095,0.373,0.456,0.32,0.445,0.378,0.452,0.315,0.293,0.298,0.391,0.346,0.355,0.253,0.377,0.263,0.488,0.36,0.483,0.441,0.473,0.202,0.65,0.454,0.322,0.209,0.094,0.097,0.095,0.098,0.096
29.50,0.283,0.322,0.19,0.393,0.394,0.403,0.47,0.39,0.192,0.462,0.38,0.573,0.422,0.38,0.414,0.454,0.426,0.203,0.423,0.534,0.147,0.646,0.423,0.66,0.305,0.28,0.176,0.274,0.255,0.578,0.452,0.311,0.143,0.382,0.266,0.425,0.363,0.562,0.186,0.629,0.557,0.334,0.092,0.351,0.239,0.348,0.309,0.424,0.237,0.29,0.177,0.395,0.363,0.458,0.498,0.314,0.144,0.361,0.25,0.292,0.096,0.095,0.091,0.092,0.463,0.095,0.384,0.454,0.321,0.445,0.378,0.453,0.321,0.303,0.314,0.402,0.356,0.366,0.258,0.384,0.265,0.496,0.366,0.495,0.446,0.495,0.205,0.663,0.463,0.331,0.207,0.094,0.097,0.095,0.098,0.096
30.00,0.29,0.331,0.194,0.404,0.405,0.411,0.47,0.399,0.192,0.47,0.385,0.589,0.424,0.38,0.415,0.454,0.428,0.206,0.423,0.544,0.15,0.652,0.433,0.674,0.309,0.288,0.179,0.28,0.262,0.581,0.452,0.322,0.144,0.391,0.273,0.439,0.37,0.573,0.189,0.641,0.565,0.338,0.09,0.359,0.244,0.357,0.317,0.439,0.241,0.3,0.179,0.404,0.371,0.46,0.495,0.32,0.146,0.372,0.254,0.301,0.096,0.095,0.091,0.092,0.463,0.095,0.394,0.453,0.322,0.445,0.379,0.455,0.329,0.311,0.32,0.412,0.365,0.376,0.263,0.39,0.267,0.505,0.372,0.509,0.461,0.503,0.209,0.675,0.474,0.341,0.209,0.094,0.097,0.095,0.098,0.096
30.50,0.296,0.34,0.199,0.416,0.417,0.424,0.471,0.41,0.194,0.5,0.389,0.61,0.424,0.38,0.417,0.454,0.428,0.208,0.423,0.556,0.152,0.662,0.44,0.686,0.314,0.291,0.182,0.287,0.269,0.585,0.45,0.331,0.146,0.4,0.278,0.453,0.375,0.581,0.192,0.654,0.574,0.343,0.09,0.367,0.25,0.368,0.326,0.452,0.246,0.31,0.18,0.413,0.379,0.467,0.493,0.328,0.149,0.383,0.259,0.311,0.096,0.095,0.091,0.092,0.463,0.095,0.404,0.452,0.322,0.445,0.379,0.457,0.337,0.322,0.327,0.422,0.375,0.385,0.27,0.397,0.27,0.514,0.375,0.524,0.467,0.517,0.213,0.688,0.482,0.351,0.21,0.094,0.097,0.095,0.098,0.096
31.00,0.304,0.35,0.203,0.429,0.427,0.436,0.471,0.424,0.197,0.518,0.394,0.623,0.425,0.379,0.418,0.454,0.428,0.215,0.422,0.563,0.152,0.671,0.448,0.7,0.319,0.296,0.184,0.294,0.275,0.587,0.45,0.34,0.148,0.41,0.285,0.469,0.382,0.588,0.192,0.668,0.582,0.348,0.09,0.377,0.254,0.378,0.334,0.468,0.25,0.321,0.182,0.422,0.388,0.476,0.493,0.334,0.151,0.392,0.263,0.32,0.096,0.095,0.091,0.092,0.462,0.095,0.415,0.452,0.323,0.446,0.379,0.459,0.343,0.328,0.354,0.433,0.385,0.394,0.275,0.406,0.271,0.524,0.38,0.541,0.473,0.525,0.217,0.7,0.491,0.362,0.219,0.094,0.097,0.095,0.099,0.096
31.50,0.31,0.36,0.207,0.441,0.438,0.452,0.472,0.436,0.196,0.557,0.4,0.637,0.426,0.38,0.417,0.456,0.431,0.219,0.421,0.574,0.154,0.678,0.457,0.714,0.323,0.305,0.188,0.302,0.282,0.589,0.45,0.349,0.149,0.421,0.292,0.485,0.388,0.628,0.193,0.679,0.594,0.354,0.09,0.386,0.258,0.389,0.342,0.482,0.255,0.331,0.183,0.433,0.396,0.489,0.492,0.341,0.153,0.402,0.267,0.341,0.096,0.095,0.091,0.092,0.461,0.095,0.426,0.451,0.324,0.447,0.379,0.462,0.35,0.337,0.365,0.446,0.395,0.402,0.282,0.413,0.273,0.531,0.385,0.558,0.48,0.532,0.224,0.711,0.5,0.371,0.219,0.094,0.097,0.095,0.098,0.096
32.00,0.316,0.369,0.211,0.454,0.45,0.47,0.472,0.448,0.199,0.589,0.403,0.66,0.426,0.381,0.419,0.457,0.431,0.222,0.421,0.584,0.155,0.688,0.466,0.728,0.327,0.311,0.192,0.312,0.288,0.588,0.45,0.358,0.15,0.431,0.299,0.497,0.395,0.604,0.201,0.693,0.601,0.36,0.09,0.396,0.263,0.399,0.349,0.494,0.261,0.341,0.185,0.441,0.404,0.503,0.492,0.353,0.155,0.415,0.272,0.351,0.096,0.095,0.091,0.092,0.461,0.095,0.438,0.451,0.325,0.447,0.379,0.465,0.359,0.346,0.385,0.46,0.405,0.411,0.291,0.421,0.275,0.548,0.394,0.576,0.485,0.54,0.225,0.724,0.509,0.381,0.216,0.094,0.097,0.095,0.098,0.096
32.50,0.322,0.383,0.216,0.469,0.463,0.483,0.473,0.459,0.199,0.643,0.411,0.675,0.427,0.381,0.418,0.458,0.432,0.226,0.42,0.592,0.157,0.698,0.473,0.743,0.332,0.315,0.195,0.319,0.297,0.59,0.45,0.369,0.153,0.444,0.307,0.512,0.401,0.611,0.204,0.706,0.61,0.367,0.09,0.405,0.267,0.41,0.358,0.511,0.266,0.35,0.187,0.454,0.416,0.514,0.492,0.36,0.158,0.426,0.276,0.362,0.096,0.095,0.091,0.092,0.461,0.095,0.452,0.451,0.326,0.449,0.379,0.468,0.364,0.353,0.403,0.472,0.414,0.421,0.298,0.428,0.278,0.554,0.399,0.593,0.492,0.545,0.231,0.737,0.518,0.389,0.22,0.094,0.097,0.095,0.099,0.096
33.00,0.327,0.393,0.22,0.478,0.475,0.513,0.474,0.485,0.199,0.668,0.416,0.704,0.428,0.381,0.42,0.46,0.434,0.228,0.42,0.601,0.16,0.704,0.48,0.756,0.336,0.322,0.197,0.329,0.304,0.59,0.45,0.38,0.154,0.454,0.314,0.52,0.408,0.695,0.205,0.721,0.619,0.373,0.09,0.414,0.27,0.42,0.367,0.525,0.273,0.356,0.189,0.464,0.425,0.531,0.492,0.367,0.16,0.439,0.28,0.38,0.096,0.095,0.091,0.092,0.459,0.096,0.464,0.451,0.327,0.45,0.379,0.471,0.371,0.363,0.407,0.486,0.425,0.431,0.308,0.435,0.279,0.58,0.403,0.613,0.497,0.551,0.235,0.75,0.528,0.398,0.211,0.094,0.097,0.095,0.099,0.096
33.50,0.336,0.405,0.225,0.49,0.489,0.527,0.475,0.525,0.208,0.671,0.423,0.737,0.429,0.382,0.421,0.462,0.436,0.231,0.419,0.611,0.162,0.714,0.487,0.769,0.341,0.328,0.201,0.339,0.312,0.59,0.45,0.392,0.156,0.466,0.323,0.546,0.415,0.633,0.208,0.732,0.625,0.379,0.09,0.424,0.274,0.431,0.374,0.544,0.278,0.363,0.19,0.487,0.436,0.571,0.492,0.375,0.162,0.449,0.283,0.397,0.096,0.095,0.091,0.092,0.459,0.095,0.476,0.451,0.328,0.451,0.379,0.473,0.378,0.37,0.421,0.499,0.437,0.442,0.316,0.449,0.281,0.595,0.407,0.63,0.502,0.557,0.259,0.764,0.536,0.407,0.213,0.094,0.097,0.095,0.099,0.096
34.00,0.342,0.419,0.23,0.503,0.502,0.554,0.476,0.564,0.209,0.688,0.429,0.73,0.431,0.384,0.421,0.464,0.438,0.234,0.418,0.617,0.164,0.723,0.496,0.784,0.343,0.333,0.205,0.348,0.32,0.59,0.451,0.406,0.158,0.48,0.332,0.56,0.421,0.657,0.214,0.747,0.632,0.403,0.09,0.433,0.28,0.444,0.381,0.562,0.286,0.371,0.192,0.495,0.45,0.591,0.493,0.383,0.165,0.462,0.288,0.413,0.096,0.095,0.091,0.093,0.458,0.095,0.491,0.451,0.329,0.452,0.379,0.477,0.386,0.379,0.43,0.511,0.449,0.454,0.325,0.471,0.282,0.607,0.42,0.649,0.509,0.562,0.253,0.775,0.545,0.418,0.214,0.094,0.097,0.095,0.098,0.096
34.50,0.349,0.43,0.234,0.516,0.513,0.578,0.477,0.581,0.213,0.687,0.436,0.732,0.431,0.385,0.422,0.466,0.439,0.237,0.417,0.632,0.168,0.728,0.505,0.797,0.346,0.342,0.208,0.359,0.328,0.588,0.452,0.416,0.159,0.503,0.337,0.57,0.427,0.68,0.218,0.759,0.64,0.419,0.09,0.439,0.285,0.454,0.391,0.576,0.293,0.379,0.193,0.512,0.464,0.596,0.493,0.389,0.167,0.474,0.293,0.427,0.096,0.095,0.091,0.092,0.457,0.095,0.512,0.452,0.33,0.454,0.38,0.48,0.393,0.388,0.441,0.524,0.461,0.465,0.334,0.487,0.284,0.619,0.425,0.666,0.513,0.567,0.255,0.789,0.554,0.43,0.214,0.094,0.097,0.095,0.098,0.096
35.00,0.355,0.444,0.238,0.531,0.525,0.621,0.477,0.606,0.223,0.711,0.441,0.742,0.431,0.386,0.423,0.468,0.441,0.24,0.417,0.64,0.169,0.739,0.511,0.811,0.351,0.348,0.211,0.37,0.337,0.588,0.454,0.432,0.16,0.505,0.345,0.582,0.436,0.688,0.222,0.771,0.663,0.427,0.09,0.447,0.287,0.466,0.399,0.59,0.301,0.387,0.196,0.524,0.482,0.637,0.494,0.396,0.17,0.48,0.299,0.447,0.096,0.095,0.091,0.092,0.456,0.095,0.511,0.452,0.332,0.456,0.38,0.483,0.404,0.397,0.451,0.541,0.475,0.476,0.342,0.519,0.285,0.648,0.43,0.722,0.521,0.58,0.264,0.803,0.565,0.442,0.215,0.094,0.097,0.095,0.099,0.097
35.50,0.365,0.453,0.241,0.542,0.538,0.636,0.478,0.617,0.229,0.74,0.45,0.742,0.431,0.387,0.424,0.471,0.443,0.244,0.417,0.651,0.172,0.749,0.52,0.825,0.354,0.356,0.214,0.383,0.347,0.589,0.455,0.441,0.163,0.524,0.355,0.611,0.442,0.694,0.228,0.787,0.677,0.437,0.093,0.458,0.292,0.479,0.409,0.599,0.308,0.396,0.198,0.534,0.498,0.66,0.499,0.407,0.172,0.492,0.302,0.465,0.096,0.095,0.091,0.092,0.458,0.096,0.522,0.453,0.332,0.458,0.381,0.486,0.412,0.405,0.457,0.554,0.486,0.503,0.35,0.55,0.285,0.667,0.437,0.717,0.526,0.587,0.269,0.816,0.575,0.453,0.226,0.094,0.097,0.095,0.099,0.097
36.00,0.374,0.468,0.246,0.554,0.545,0.676,0.48,0.641,0.227,0.772,0.459,0.762,0.432,0.388,0.425,0.474,0.445,0.248,0.418,0.653,0.174,0.756,0.526,0.837,0.36,0.367,0.217,0.399,0.359,0.592,0.457,0.452,0.165,0.533,0.364,0.613,0.447,0.699,0.231,0.799,0.69,0.461,0.095,0.473,0.297,0.495,0.42,0.612,0.317,0.41,0.2,0.552,0.512,0.685,0.502,0.419,0.177,0.506,0.313,0.479,0.096,0.095,0.091,0.092,0.456,0.095,0.527,0.455,0.334,0.459,0.382,0.489,0.421,0.419,0.457,0.565,0.495,0.498,0.359,0.589,0.288,0.692,0.449,0.712,0.534,0.592,0.28,0.831,0.585,0.466,0.223,0.094,0.097,0.095,0.099,0.096
36.50,0.383,0.472,0.25,0.563,0.556,0.66,0.48,0.656,0.232,0.764,0.471,0.753,0.432,0.39,0.426,0.477,0.448,0.251,0.418,0.662,0.177,0.763,0.532,0.85,0.365,0.373,0.22,0.409,0.367,0.59,0.459,0.462,0.168,0.545,0.371,0.632,0.456,0.704,0.234,0.808,0.693,0.466,0.09,0.48,0.299,0.503,0.426,0.633,0.323,0.418,0.202,0.55,0.511,0.696,0.498,0.422,0.179,0.516,0.316,0.501,0.096,0.095,0.091,0.092,0.456,0.095,0.556,0.455,0.335,0.461,0.383,0.492,0.429,0.43,0.462,0.581,0.51,0.525,0.366,0.617,0.29,0.727,0.453,0.709,0.538,0.598,0.285,0.842,0.594,0.476,0.219,0.094,0.097,0.095,0.099,0.097
37.00,0.392,0.484,0.253,0.582,0.572,0.689,0.481,0.682,0.243,0.774,0.478,0.745,0.432,0.392,0.426,0.48,0.45,0.255,0.419,0.669,0.181,0.768,0.538,0.863,0.367,0.378,0.223,0.421,0.379,0.589,0.46,0.47,0.17,0.562,0.38,0.652,0.459,0.72,0.243,0.822,0.699,0.487,0.09,0.486,0.304,0.51,0.431,0.644,0.332,0.431,0.204,0.576,0.523,0.728,0.499,0.431,0.182,0.526,0.32,0.516,0.096,0.095,0.091,0.092,0.456,0.095,0.569,0.456,0.336,0.463,0.385,0.494,0.438,0.438,0.47,0.596,0.522,0.534,0.374,0.64,0.29,0.738,0.473,0.72,0.543,0.605,0.288,0.853,0.604,0.485,0.22,0.094,0.097,0.095,0.098,0.097
37.50,0.404,0.49,0.257,0.586,0.575,0.709,0.481,0.703,0.241,0.776,0.487,0.747,0.433,0.394,0.428,0.482,0.452,0.259,0.419,0.674,0.184,0.775,0.544,0.871,0.371,0.387,0.225,0.436,0.39,0.593,0.462,0.463,0.171,0.558,0.39,0.643,0.466,0.726,0.243,0.831,0.707,0.504,0.09,0.499,0.307,0.517,0.442,0.653,0.339,0.435,0.207,0.592,0.531,0.736,0.501,0.439,0.184,0.534,0.327,0.527,0.096,0.095,0.091,0.092,0.456,0.095,0.583,0.458,0.337,0.464,0.387,0.497,0.447,0.448,0.484,0.602,0.535,0.539,0.381,0.668,0.291,0.758,0.483,0.728,0.547,0.611,0.292,0.865,0.613,0.494,0.221,0.094,0.097,0.095,0.099,0.097
38.00,0.417,0.502,0.262,0.595,0.585,0.721,0.482,0.745,0.256,0.778,0.515,0.746,0.436,0.396,0.429,0.485,0.454,0.262,0.421,0.681,0.186,0.785,0.55,0.867,0.376,0.39,0.228,0.448,0.399,0.595,0.464,0.479,0.173,0.578,0.399,0.685,0.471,0.741,0.248,0.842,0.716,0.521,0.09,0.508,0.311,0.527,0.453,0.656,0.347,0.45,0.21,0.599,0.546,0.764,0.504,0.444,0.186,0.542,0.332,0.539,0.096,0.095,0.091,0.092,0.457,0.095,0.595,0.46,0.338,0.467,0.389,0.5,0.456,0.46,0.484,0.611,0.547,0.56,0.39,0.687,0.293,0.787,0.492,0.737,0.554,0.616,0.3,0.874,0.622,0.497,0.224,0.094,0.097,0.095,0.099,0.097
38.50,0.428,0.509,0.265,0.616,0.604,0.753,0.482,0.821,0.248,0.772,0.551,0.748,0.439,0.398,0.429,0.488,0.457,0.265,0.423,0.688,0.19,0.792,0.556,0.867,0.378,0.397,0.231,0.458,0.411,0.595,0.466,0.488,0.175,0.604,0.41,0.676,0.48,0.749,0.257,0.857,0.728,0.541,0.094,0.517,0.314,0.536,0.464,0.681,0.356,0.465,0.213,0.62,0.559,0.789,0.509,0.452,0.19,0.551,0.336,0.557,0.096,0.095,0.091,0.092,0.459,0.096,0.606,0.461,0.339,0.469,0.391,0.502,0.465,0.47,0.489,0.622,0.561,0.57,0.399,0.704,0.295,0.809,0.515,0.748,0.561,0.622,0.307,0.885,0.632,0.524,0.225,0.094,0.097,0.095,0.099,0.097
39.00,0.439,0.517,0.271,0.617,0.603,0.774,0.484,0.838,0.264,0.773,0.575,0.752,0.443,0.4,0.429,0.491,0.459,0.271,0.425,0.696,0.195,0.799,0.563,0.868,0.384,0.402,0.235,0.47,0.416,0.6,0.467,0.492,0.179,0.586,0.422,0.688,0.486,0.752,0.261,0.862,0.731,0.556,0.09,0.525,0.319,0.548,0.474,0.681,0.368,0.467,0.216,0.623,0.574,0.821,0.51,0.457,0.191,0.558,0.342,0.571,0.096,0.095,0.091,0.092,0.459,0.095,0.608,0.462,0.339,0.471,0.394,0.504,0.475,0.48,0.49,0.632,0.566,0.576,0.41,0.724,0.298,0.822,0.557,0.746,0.566,0.628,0.316,0.896,0.641,0.517,0.229,0.094,0.097,0.095,0.099,0.097
39.50,0.447,0.525,0.272,0.634,0.621,0.806,0.484,0.842,0.257,0.769,0.638,0.731,0.445,0.401,0.43,0.493,0.461,0.271,0.427,0.7,0.195,0.809,0.567,0.87,0.386,0.406,0.236,0.481,0.427,0.594,0.469,0.511,0.179,0.616,0.43,0.7,0.489,0.76,0.265,0.872,0.735,0.574,0.09,0.531,0.32,0.556,0.48,0.721,0.377,0.469,0.218,0.653,0.575,0.842,0.509,0.463,0.193,0.572,0.343,0.578,0.096,0.095,0.091,0.092,0.459,0.095,0.659,0.464,0.34,0.473,0.396,0.506,0.482,0.492,0.489,0.641,0.58,0.582,0.416,0.739,0.296,0.817,0.582,0.744,0.568,0.634,0.321,0.901,0.65,0.554,0.229,0.094,0.097,0.095,0.099,0.097
40.00,0.453,0.537,0.277,0.653,0.634,0.817,0.483,0.845,0.264,0.76,0.666,0.742,0.447,0.403,0.43,0.496,0.463,0.276,0.428,0.705,0.2,0.816,0.573,0.873,0.396,0.412,0.238,0.498,0.443,0.597,0.47,0.529,0.183,0.617,0.439,0.706,0.496,0.76,0.269,0.882,0.745,0.593,0.09,0.544,0.324,0.561,0.486,0.716,0.387,0.485,0.221,0.664,0.595,0.865,0.511,0.471,0.195,0.582,0.351,0.592,0.096,0.095,0.091,0.092,0.461,0.095,0.669,0.466,0.341,0.474,0.399,0.508,0.491,0.501,0.489,0.651,0.584,0.598,0.423,0.737,0.3,0.827,0.615,0.748,0.572,0.639,0.318,0.899,0.659,0.553,0.232,0.094,0.097,0.095,0.099,0.097
40.50,0.46,0.55,0.28,0.663,0.633,0.851,0.483,0.861,0.269,0.761,0.694,0.733,0.45,0.406,0.431,0.499,0.466,0.28,0.431,0.711,0.206,0.823,0.578,0.875,0.406,0.417,0.242,0.511,0.453,0.599,0.472,0.533,0.185,0.651,0.446,0.726,0.503,0.766,0.277,0.883,0.756,0.634,0.092,0.552,0.33,0.576,0.494,0.712,0.395,0.498,0.224,0.681,0.612,0.871,0.516,0.478,0.198,0.592,0.357,0.604,0.096,0.095,0.091,0.092,0.463,0.095,0.668,0.467,0.342,0.476,0.402,0.51,0.497,0.505,0.487,0.66,0.592,0.608,0.431,0.744,0.3,0.827,0.644,0.737,0.578,0.645,0.327,0.9,0.667,0.569,0.24,0.094,0.097,0.095,0.099,0.097
41.00,0.467,0.556,0.286,0.667,0.642,0.868,0.484,0.873,0.28,0.758,0.719,0.746,0.452,0.408,0.431,0.501,0.468,0.283,0.434,0.718,0.21,0.829,0.582,0.876,0.409,0.42,0.244,0.521,0.47,0.599,0.473,0.534,0.188,0.636,0.457,0.728,0.508,0.775,0.278,0.879,0.762,0.653,0.093,0.56,0.334,0.582,0.5,0.71,0.406,0.504,0.227,0.688,0.608,0.9,0.519,0.483,0.2,0.589,0.361,0.617,0.096,0.095,0.091,0.092,0.464,0.096,0.66,0.469,0.342,0.478,0.405,0.511,0.506,0.515,0.486,0.674,0.6,0.619,0.439,0.757,0.303,0.83,0.652,0.727,0.583,0.65,0.328,0.898,0.676,0.564,0.237,0.094,0.097,0.095,0.099,0.097
41.50,0.473,0.57,0.29,0.683,0.657,0.895,0.485,0.874,0.279,0.762,0.752,0.726,0.454,0.411,0.43,0.504,0.47,0.287,0.437,0.724,0.215,0.831,0.588,0.876,0.412,0.426,0.247,0.525,0.484,0.601,0.474,0.566,0.192,0.629,0.461,0.737,0.51,0.776,0.282,0.878,0.761,0.677,0.09,0.569,0.339,0.59,0.505,0.714,0.415,0.529,0.229,0.683,0.621,0.897,0.517,0.485,0.201,0.587,0.382,0.628,0.096,0.095,0.091,0.092,0.466,0.095,0.684,0.469,0.343,0.48,0.408,0.512,0.508,0.522,0.488,0.683,0.612,0.627,0.446,0.747,0.302,0.827,0.668,0.714,0.586,0.656,0.337,0.898,0.684,0.58,0.238,0.094,0.097,0.095,0.099,0.097
42.00,0.479,0.578,0.294,0.687,0.663,0.882,0.483,0.865,0.28,0.759,0.781,0.748,0.457,0.412,0.429,0.506,0.471,0.289,0.439,0.73,0.22,0.831,0.592,0.875,0.419,0.43,0.249,0.535,0.499,0.603,0.474,0.555,0.195,0.658,0.466,0.765,0.515,0.812,0.29,0.877,0.768,0.707,0.09,0.581,0.342,0.601,0.506,0.717,0.416,0.519,0.231,0.708,0.63,0.881,0.518,0.489,0.203,0.595,0.394,0.647,0.096,0.095,0.091,0.092,0.467,0.095,0.723,0.471,0.342,0.481,0.41,0.513,0.513,0.53,0.49,0.702,0.621,0.637,0.449,0.757,0.302,0.834,0.693,0.717,0.589,0.661,0.334,0.9,0.692,0.595,0.242,0.094,0.097,0.095,0.098,0.097
42.50,0.486,0.588,0.299,0.698,0.677,0.884,0.482,0.853,0.284,0.756,0.8,0.715,0.459,0.414,0.43,0.507,0.473,0.291,0.441,0.735,0.223,0.827,0.595,0.874,0.421,0.434,0.251,0.548,0.511,0.605,0.475,0.561,0.198,0.66,0.475,0.73,0.518,0.783,0.288,0.876,0.773,0.731,0.09,0.588,0.347,0.609,0.512,0.725,0.424,0.523,0.233,0.725,0.636,0.876,0.52,0.495,0.204,0.601,0.419,0.645,0.096,0.095,0.091,0.092,0.468,0.095,0.721,0.472,0.343,0.482,0.412,0.514,0.523,0.537,0.49,0.704,0.627,0.637,0.457,0.748,0.303,0.843,0.71,0.705,0.592,0.666,0.345,0.9,0.699,0.592,0.245,0.094,0.097,0.095,0.099,0.097
43.00,0.494,0.595,0.305,0.707,0.68,0.873,0.482,0.842,0.284,0.753,0.81,0.72,0.463,0.416,0.43,0.509,0.475,0.293,0.445,0.742,0.229,0.827,0.601,0.87,0.429,0.438,0.253,0.598,0.531,0.61,0.477,0.565,0.204,0.651,0.482,0.736,0.522,0.786,0.29,0.876,0.782,0.754,0.09,0.594,0.354,0.621,0.521,0.727,0.43,0.548,0.235,0.716,0.643,0.869,0.521,0.497,0.205,0.608,0.437,0.653,0.096,0.095,0.091,0.092,0.471,0.096,0.722,0.473,0.344,0.484,0.415,0.515,0.528,0.547,0.491,0.705,0.642,0.65,0.466,0.742,0.306,0.86,0.754,0.709,0.599,0.671,0.349,0.901,0.699,0.603,0.248,0.094,0.097,0.095,0.099,0.097
43.50,0.501,0.607,0.31,0.703,0.686,0.873,0.483,0.835,0.288,0.749,0.825,0.707,0.465,0.418,0.429,0.511,0.477,0.294,0.448,0.749,0.234,0.824,0.605,0.867,0.435,0.441,0.255,0.582,0.544,0.61,0.478,0.58,0.208,0.665,0.487,0.737,0.528,0.791,0.295,0.882,0.793,0.76,0.093,0.606,0.36,0.635,0.524,0.727,0.437,0.543,0.238,0.741,0.66,0.881,0.526,0.502,0.207,0.615,0.479,0.664,0.096,0.095,0.091,0.092,0.473,0.096,0.731,0.475,0.344,0.485,0.417,0.515,0.541,0.558,0.493,0.707,0.654,0.667,0.471,0.74,0.306,1.014,0.785,0.698,0.601,0.676,0.346,0.902,0.697,0.611,0.251,0.094,0.097,0.095,0.099,0.097
44.00,0.506,0.619,0.314,0.715,0.694,0.867,0.483,0.828,0.295,0.749,0.846,0.693,0.468,0.419,0.43,0.513,0.478,0.297,0.451,0.755,0.239,0.824,0.61,0.863,0.445,0.446,0.257,0.572,0.555,0.617,0.479,0.617,0.214,0.679,0.494,0.739,0.533,0.795,0.302,0.886,0.803,0.792,0.097,0.614,0.367,0.648,0.531,0.725,0.44,0.562,0.241,0.754,0.67,0.884,0.532,0.508,0.212,0.624,0.498,0.678,0.096,0.095,0.092,0.096,0.48,0.098,0.753,0.476,0.344,0.486,0.42,0.516,0.541,0.562,0.494,0.708,0.658,0.679,0.483,0.737,0.309,0.883,0.712,0.686,0.607,0.679,0.363,0.901,0.694,0.611,0.253,0.094,0.097,0.095,0.099,0.097
44.50,0.51,0.622,0.32,0.706,0.695,0.859,0.483,0.823,0.306,0.751,0.858,0.693,0.471,0.42,0.431,0.515,0.48,0.298,0.453,0.761,0.243,0.825,0.614,0.859,0.453,0.449,0.259,0.587,0.566,0.617,0.48,0.592,0.219,0.678,0.499,0.728,0.535,0.799,0.301,0.888,0.811,0.779,0.101,0.622,0.377,0.656,0.536,0.717,0.449,0.562,0.244,0.745,0.672,0.893,0.536,0.514,0.216,0.631,0.515,0.689,0.096,0.095,0.091,0.099,0.485,0.101,0.754,0.478,0.345,0.487,0.421,0.517,0.55,0.571,0.495,0.714,0.663,0.675,0.487,0.734,0.314,0.863,0.71,0.678,0.61,0.684,0.356,0.9,0.693,0.615,0.257,0.094,0.097,0.095,0.099,0.097
45.00,0.517,0.628,0.325,0.71,0.697,0.855,0.483,0.818,0.297,0.75,0.866,0.676,0.473,0.422,0.43,0.517,0.482,0.3,0.455,0.766,0.25,0.825,0.618,0.856,0.466,0.452,0.261,0.594,0.586,0.617,0.481,0.6,0.225,0.692,0.501,0.745,0.541,0.804,0.304,0.889,0.814,0.824,0.103,0.632,0.381,0.656,0.544,0.71,0.457,0.57,0.247,0.749,0.691,0.921,0.54,0.52,0.219,0.639,0.535,0.698,0.096,0.095,0.091,0.101,0.488,0.102,0.743,0.479,0.346,0.489,0.424,0.517,0.559,0.578,0.495,0.719,0.666,0.683,0.494,0.729,0.313,0.946,0.715,0.667,0.614,0.69,0.356,0.899,0.691,0.621,0.261,0.094,0.097,0.095,0.099,0.097
45.50,0.52,0.632,0.329,0.716,0.703,0.852,0.483,0.812,0.31,0.75,0.883,0.667,0.477,0.423,0.431,0.518,0.483,0.303,0.458,0.771,0.254,0.826,0.621,0.853,0.477,0.456,0.262,0.618,0.592,0.621,0.482,0.606,0.231,0.691,0.511,0.742,0.546,0.808,0.311,0.89,0.815,0.832,0.105,0.641,0.388,0.661,0.55,0.701,0.461,0.583,0.249,0.758,0.703,0.94,0.542,0.524,0.222,0.65,0.551,0.71,0.096,0.095,0.091,0.102,0.49,0.102,0.747,0.479,0.347,0.49,0.425,0.518,0.556,0.587,0.496,0.721,0.664,0.691,0.502,0.849,0.313,0.909,0.721,0.655,0.617,0.694,0.36,0.895,0.69,0.629,0.262,0.094,0.097,0.095,0.099,0.097
46.00,0.525,0.635,0.334,0.727,0.706,0.848,0.483,0.808,0.304,0.758,0.889,0.658,0.478,0.425,0.431,0.521,0.486,0.306,0.46,0.778,0.263,0.824,0.626,0.85,0.488,0.459,0.264,0.633,0.599,0.624,0.483,0.609,0.236,0.694,0.518,0.759,0.551,0.812,0.316,0.89,0.816,0.827,0.105,0.652,0.394,0.661,0.555,0.699,0.472,0.593,0.251,0.758,0.707,0.964,0.544,0.528,0.224,0.659,0.569,0.718,0.096,0.095,0.091,0.101,0.492,0.103,0.746,0.48,0.348,0.49,0.426,0.519,0.564,0.594,0.497,0.724,0.665,0.689,0.515,0.723,0.315,0.907,0.72,0.646,0.622,0.698,0.364,0.893,0.692,0.634,0.267,0.094,0.097,0.095,0.099,0.097
46.50,0.529,0.638,0.34,0.731,0.708,0.844,0.483,0.803,0.304,0.763,0.907,0.651,0.48,0.426,0.432,0.523,0.489,0.308,0.462,0.783,0.268,0.826,0.629,0.846,0.504,0.462,0.265,0.642,0.602,0.629,0.484,0.619,0.242,0.707,0.523,0.76,0.555,0.816,0.32,0.887,0.816,0.863,0.105,0.661,0.399,0.663,0.562,0.696,0.477,0.596,0.254,0.761,0.709,0.97,0.545,0.531,0.224,0.668,0.58,0.725,0.096,0.095,0.091,0.092,0.489,0.097,0.749,0.481,0.348,0.491,0.428,0.52,0.571,0.601,0.499,0.722,0.666,0.692,0.527,0.717,0.319,0.902,0.72,0.635,0.625,0.702,0.379,0.888,0.691,0.641,0.27,0.094,0.097,0.095,0.099,0.097
47.00,0.535,0.642,0.343,0.731,0.708,0.839,0.485,0.8,0.304,0.761,0.923,0.638,0.482,0.428,0.432,0.525,0.493,0.311,0.463,0.789,0.278,0.823,0.631,0.843,0.519,0.468,0.268,0.623,0.607,0.631,0.487,0.631,0.247,0.705,0.527,0.753,0.56,0.819,0.324,0.884,0.817,0.869,0.104,0.662,0.398,0.664,0.572,0.688,0.48,0.604,0.258,0.764,0.709,0.999,0.545,0.536,0.22,0.667,0.591,0.735,0.096,0.095,0.091,0.092,0.48,0.096,0.755,0.482,0.349,0.492,0.429,0.521,0.574,0.609,0.499,0.725,0.666,0.698,0.527,0.715,0.319,0.897,0.731,0.622,0.628,0.703,0.388,0.886,0.691,0.65,0.27,0.094,0.098,0.095,0.099,0.097
47.50,0.541,0.643,0.349,0.733,0.707,0.834,0.486,0.794,0.307,0.763,0.964,0.63,0.484,0.43,0.434,0.528,0.494,0.313,0.465,0.793,0.286,0.824,0.635,0.841,0.526,0.473,0.27,0.652,0.609,0.627,0.488,0.639,0.254,0.709,0.536,0.758,0.564,0.823,0.327,0.882,0.818,0.857,0.103,0.663,0.401,0.666,0.578,0.687,0.487,0.607,0.26,0.77,0.712,1.002,0.545,0.539,0.221,0.675,0.596,0.744,0.096,0.095,0.091,0.092,0.481,0.096,0.76,0.483,0.349,0.492,0.43,0.523,0.588,0.62,0.5,0.725,0.672,0.701,0.529,0.709,0.323,0.899,0.728,0.612,0.632,0.705,0.386,0.881,0.691,0.661,0.275,0.094,0.098,0.095,0.099,0.097
48.00,0.547,0.643,0.352,0.732,0.705,0.834,0.487,0.793,0.306,0.763,0.969,0.625,0.486,0.431,0.434,0.53,0.494,0.317,0.465,0.794,0.295,0.822,0.64,0.839,0.542,0.475,0.272,0.652,0.617,0.628,0.488,0.645,0.259,0.709,0.541,0.749,0.568,0.828,0.331,0.873,0.816,0.868,0.096,0.659,0.406,0.667,0.582,0.683,0.493,0.613,0.262,0.77,0.714,1.005,0.543,0.536,0.223,0.684,0.602,0.768,0.096,0.095,0.091,0.092,0.482,0.096,0.766,0.483,0.35,0.493,0.43,0.525,0.592,0.628,0.501,0.733,0.67,0.703,0.535,0.706,0.325,0.895,0.742,0.603,0.636,0.702,0.398,0.878,0.69,0.659,0.276,0.094,0.098,0.095,0.099,0.097
48.50,0.551,0.642,0.355,0.732,0.704,0.828,0.489,0.787,0.314,0.764,0.971,0.62,0.487,0.432,0.434,0.532,0.495,0.316,0.466,0.795,0.298,0.821,0.644,0.835,0.552,0.475,0.274,0.665,0.622,0.619,0.489,0.644,0.265,0.703,0.546,0.745,0.573,0.831,0.333,0.863,0.81,0.859,0.09,0.654,0.41,0.668,0.587,0.68,0.501,0.618,0.266,0.777,0.717,1.004,0.537,0.531,0.224,0.694,0.601,0.765,0.096,0.095,0.091,0.092,0.482,0.096,0.772,0.484,0.351,0.494,0.431,0.527,0.599,0.633,0.501,0.734,0.67,0.705,0.547,0.7,0.321,0.892,0.743,0.594,0.638,0.7,0.41,0.873,0.689,0.663,0.276,0.094,0.097,0.095,0.099,0.097